ts_ms,pair,side,quantity,price,notional,fee,order_id,role,reason
1780810200000,BNB/USD,BUY,25.6226299067,585.7027050000,15007.243646,15.007244,,TAKER,Z +2.26 <= -2.00 and turning (dZ +0.577); ADX 17.3
1780822800000,XRP/USD,BUY,13020.1485638943,1.1561778000,15053.606722,15.053607,,TAKER,Z +2.32 <= -2.00 and turning (dZ +0.605); ADX 24.5
1780835400000,XRP/USD,SELL,13020.1485638943,1.1304669837,14718.848075,14.718848,,TAKER,stop hit: mark 1.120500 vs stop 1.131032 (-2.78%)
1780898400000,BNB/USD,SELL,25.6226299067,594.8224400000,15240.915240,15.240915,,TAKER,time stop: held 49 bars >= 49
1781757000000,BNB/USD,SHORT_OPEN,25.2878860000,592.2137450000,14975.833671,14.975834,,TAKER,Z -2.10 >= +2.00 and turning (dZ -0.831); ADX 21.8
1781845200000,BNB/USD,SHORT_CLOSE,25.2878860000,572.8963050000,14487.336451,14.487336,,TAKER,time stop: held 49 bars >= 49
1782086400000,DOGE/USD,SHORT_OPEN,183050.1649650000,0.0821888850,15044.688958,15.044689,,TAKER,Z -3.00 >= +2.00 and turning (dZ -0.611); ADX 22.7
1782090000000,DOGE/USD,SHORT_CLOSE,183050.1649650000,0.0831565575,15221.821568,15.221822,,TAKER,stop hit: mark 0.083210 vs stop 0.083115 (-1.18% on collateral)
1782131400000,BTC/USD,BUY,0.2311707940,64978.3029150000,15021.085879,15.021086,,TAKER,Z +2.15 <= -2.00 and turning (dZ +0.757); ADX 13.3
1782136800000,DOGE/USD,BUY,176786.0848433064,0.0850825200,15041.405599,15.041406,,TAKER,Z +2.13 <= -2.00 and turning (dZ +0.878); ADX 21.4
1782138600000,DOGE/USD,SELL,176786.0848433064,0.0840154713,14852.766229,14.852766,,TAKER,stop hit: mark 0.084030 vs stop 0.084057 (-1.24%)
1782163800000,BTC/USD,SELL,0.2311707940,64230.4075031138,14848.194303,14.848194,,TAKER,stop hit: mark 64252.000000 vs stop 64262.538773 (-1.05%)
1782315000000,BNB/USD,SHORT_OPEN,26.3491110000,567.3961600000,14950.384401,14.950385,,TAKER,Z -2.39 >= +2.00 and turning (dZ -0.710); ADX 22.2
1782316800000,LINK/USD,SHORT_OPEN,2033.2959840000,7.3633165000,14971.801868,14.971802,,TAKER,Z -2.82 >= +2.00 and turning (dZ -1.305); ADX 18.3
1782365400000,LINK/USD,SHORT_CLOSE,2033.2959840000,7.5176444438,15285.596257,15.285596,,TAKER,stop hit: mark 7.540000 vs stop 7.513888 (-2.11% on collateral)
1782365400000,BNB/USD,SHORT_CLOSE,26.3491110000,570.2249700000,15024.921030,15.024921,,TAKER,Z +0.28 <= +0.25 (mean reached)
1782495000000,AVAX/USD,BUY,2290.0600663792,6.5012490000,14888.250716,14.888251,,TAKER,Z +2.25 <= -2.00 and turning (dZ +0.881); ADX 19.1
1782559800000,AVAX/USD,SELL,2290.0600663792,6.4537715000,14779.524390,14.779524,,TAKER,trailing stop: 3.07% off peak 6.654000
1782574200000,ETH/USD,BUY,9.2745297981,1603.2912450000,14869.772427,14.869772,,TAKER,Z +2.71 <= -2.00 and turning (dZ +0.826); ADX 21.4
1782588600000,ETH/USD,SELL,9.2745297981,1585.7167924763,14706.777643,14.706778,,TAKER,stop hit: mark 1576.950000 vs stop 1586.510047 (-1.35%)
1782703800000,AVAX/USD,BUY,2229.9241665753,6.6563265000,14843.103323,14.843103,,TAKER,Z +2.68 <= -2.00 and turning (dZ +1.268); ADX 22.3
1782743400000,AVAX/USD,SELL,2229.9241665753,6.4551333188,14394.457786,14.394458,,TAKER,stop hit: mark 6.448000 vs stop 6.458363 (-2.38%)
1788685200000,NEAR/USD,BUY,4746.1693083642,2.3241615000,11030.863979,11.030864,,TAKER,Z +2.06 <= -2.00 and turning (dZ +1.002); ADX 19.7
1788703200000,NEAR/USD,SELL,4746.1693083642,2.4687650000,11717.176673,11.717177,,TAKER,trailing stop: 4.05% off peak 2.470000
1789560000000,NEAR/USD,BUY,5977.9999152371,2.4862425000,14862.757454,14.862757,,TAKER,Z +2.59 <= -2.00 and turning (dZ +0.614); ADX 21.8
1789583400000,NEAR/USD,SELL,5977.9999152371,2.5367310000,15164.577703,15.164578,,TAKER,trailing stop: 3.70% off peak 2.538000
1790469000000,NEAR/USD,BUY,2540.1664048127,5.1265620000,13022.320565,13.022321,,TAKER,Z +2.76 <= -2.00 and turning (dZ +0.852); ADX 20.4
1790488800000,NEAR/USD,SELL,2540.1664048127,5.3913030000,13694.806759,13.694807,,TAKER,trailing stop: 5.58% off peak 5.394000
