ts_ms,utc,nav
1787185800000,2026-08-20T00:30Z,100000.0000
1787187600000,2026-08-20T01:00Z,100000.0000
1787189400000,2026-08-20T01:30Z,100000.0000
1787191200000,2026-08-20T02:00Z,100000.0000
1787193000000,2026-08-20T02:30Z,100000.0000
1787194800000,2026-08-20T03:00Z,100000.0000
1787196600000,2026-08-20T03:30Z,100000.0000
1787198400000,2026-08-20T04:00Z,100000.0000
1787200200000,2026-08-20T04:30Z,100000.0000
1787202000000,2026-08-20T05:00Z,100000.0000
1787203800000,2026-08-20T05:30Z,100000.0000
1787205600000,2026-08-20T06:00Z,100000.0000
1787207400000,2026-08-20T06:30Z,100000.0000
1787209200000,2026-08-20T07:00Z,100000.0000
1787211000000,2026-08-20T07:30Z,100000.0000
1787212800000,2026-08-20T08:00Z,100000.0000
1787214600000,2026-08-20T08:30Z,100000.0000
1787216400000,2026-08-20T09:00Z,100000.0000
1787218200000,2026-08-20T09:30Z,100000.0000
1787220000000,2026-08-20T10:00Z,100000.0000
1787221800000,2026-08-20T10:30Z,100000.0000
1787223600000,2026-08-20T11:00Z,100000.0000
1787225400000,2026-08-20T11:30Z,100000.0000
1787227200000,2026-08-20T12:00Z,100000.0000
1787229000000,2026-08-20T12:30Z,100000.0000
1787230800000,2026-08-20T13:00Z,100000.0000
1787232600000,2026-08-20T13:30Z,100000.0000
1787234400000,2026-08-20T14:00Z,100000.0000
1787236200000,2026-08-20T14:30Z,100000.0000
1787238000000,2026-08-20T15:00Z,100000.0000
1787239800000,2026-08-20T15:30Z,100000.0000
1787241600000,2026-08-20T16:00Z,100000.0000
1787243400000,2026-08-20T16:30Z,100000.0000
1787245200000,2026-08-20T17:00Z,100000.0000
1787247000000,2026-08-20T17:30Z,100000.0000
1787248800000,2026-08-20T18:00Z,100000.0000
1787250600000,2026-08-20T18:30Z,100000.0000
1787252400000,2026-08-20T19:00Z,100000.0000
1787254200000,2026-08-20T19:30Z,100000.0000
1787256000000,2026-08-20T20:00Z,100000.0000
1787257800000,2026-08-20T20:30Z,100000.0000
1787259600000,2026-08-20T21:00Z,100000.0000
1787261400000,2026-08-20T21:30Z,100000.0000
1787263200000,2026-08-20T22:00Z,100000.0000
1787265000000,2026-08-20T22:30Z,100000.0000
1787266800000,2026-08-20T23:00Z,100000.0000
1787268600000,2026-08-20T23:30Z,100000.0000
1787270400000,2026-08-21T00:00Z,100000.0000
1787272200000,2026-08-21T00:30Z,100000.0000
1787274000000,2026-08-21T01:00Z,100000.0000
1787275800000,2026-08-21T01:30Z,100000.0000
1787277600000,2026-08-21T02:00Z,100000.0000
1787279400000,2026-08-21T02:30Z,100000.0000
1787281200000,2026-08-21T03:00Z,99925.2872
1787283000000,2026-08-21T03:30Z,100068.1705
1787284800000,2026-08-21T04:00Z,99962.3819
1787286600000,2026-08-21T04:30Z,99926.6611
1787288400000,2026-08-21T05:00Z,99963.7558
1787290200000,2026-08-21T05:30Z,99926.6611
1787292000000,2026-08-21T06:00Z,100009.0938
1787293800000,2026-08-21T06:30Z,100094.2742
1787295600000,2026-08-21T07:00Z,100058.5534
1787297400000,2026-08-21T07:30Z,100920.7639
1787299200000,2026-08-21T08:00Z,100920.7639
1787301000000,2026-08-21T08:30Z,100920.7639
1787302800000,2026-08-21T09:00Z,100920.7639
1787304600000,2026-08-21T09:30Z,100920.7639
1787306400000,2026-08-21T10:00Z,100920.7639
1787308200000,2026-08-21T10:30Z,100920.7639
1787310000000,2026-08-21T11:00Z,100920.7639
1787311800000,2026-08-21T11:30Z,100920.7639
1787313600000,2026-08-21T12:00Z,100920.7639
1787315400000,2026-08-21T12:30Z,100920.7639
1787317200000,2026-08-21T13:00Z,100920.7639
1787319000000,2026-08-21T13:30Z,100920.7639
1787320800000,2026-08-21T14:00Z,100920.7639
1787322600000,2026-08-21T14:30Z,100920.7639
1787324400000,2026-08-21T15:00Z,100920.7639
1787326200000,2026-08-21T15:30Z,100920.7639
1787328000000,2026-08-21T16:00Z,100920.7639
1787329800000,2026-08-21T16:30Z,100920.7639
1787331600000,2026-08-21T17:00Z,100920.7639
1787333400000,2026-08-21T17:30Z,100920.7639
1787335200000,2026-08-21T18:00Z,100920.7639
1787337000000,2026-08-21T18:30Z,100920.7639
1787338800000,2026-08-21T19:00Z,100920.7639
1787340600000,2026-08-21T19:30Z,100920.7639
1787342400000,2026-08-21T20:00Z,100920.7639
1787344200000,2026-08-21T20:30Z,100920.7639
1787346000000,2026-08-21T21:00Z,100920.7639
1787347800000,2026-08-21T21:30Z,100920.7639
1787349600000,2026-08-21T22:00Z,100920.7639
1787351400000,2026-08-21T22:30Z,100920.7639
1787353200000,2026-08-21T23:00Z,100920.7639
1787355000000,2026-08-21T23:30Z,100920.7639
1787356800000,2026-08-22T00:00Z,100920.7639
1787358600000,2026-08-22T00:30Z,100920.7639
1787360400000,2026-08-22T01:00Z,100920.7639
1787362200000,2026-08-22T01:30Z,100920.7639
1787364000000,2026-08-22T02:00Z,100920.7639
1787365800000,2026-08-22T02:30Z,100920.7639
1787367600000,2026-08-22T03:00Z,100920.7639
1787369400000,2026-08-22T03:30Z,100920.7639
1787371200000,2026-08-22T04:00Z,100920.7639
1787373000000,2026-08-22T04:30Z,100920.7639
1787374800000,2026-08-22T05:00Z,100920.7639
1787376600000,2026-08-22T05:30Z,100920.7639
1787378400000,2026-08-22T06:00Z,100920.7639
1787380200000,2026-08-22T06:30Z,100920.7639
1787382000000,2026-08-22T07:00Z,100920.7639
1787383800000,2026-08-22T07:30Z,100920.7639
1787385600000,2026-08-22T08:00Z,100920.7639
1787387400000,2026-08-22T08:30Z,100920.7639
1787389200000,2026-08-22T09:00Z,100920.7639
1787391000000,2026-08-22T09:30Z,100920.7639
1787392800000,2026-08-22T10:00Z,100920.7639
1787394600000,2026-08-22T10:30Z,100920.7639
1787396400000,2026-08-22T11:00Z,100920.7639
1787398200000,2026-08-22T11:30Z,100920.7639
1787400000000,2026-08-22T12:00Z,100920.7639
1787401800000,2026-08-22T12:30Z,100920.7639
1787403600000,2026-08-22T13:00Z,100920.7639
1787405400000,2026-08-22T13:30Z,100920.7639
1787407200000,2026-08-22T14:00Z,100920.7639
1787409000000,2026-08-22T14:30Z,100920.7639
1787410800000,2026-08-22T15:00Z,100920.7639
1787412600000,2026-08-22T15:30Z,100920.7639
1787414400000,2026-08-22T16:00Z,100920.7639
1787416200000,2026-08-22T16:30Z,100920.7639
1787418000000,2026-08-22T17:00Z,100920.7639
1787419800000,2026-08-22T17:30Z,100920.7639
1787421600000,2026-08-22T18:00Z,100920.7639
1787423400000,2026-08-22T18:30Z,100920.7639
1787425200000,2026-08-22T19:00Z,100920.7639
1787427000000,2026-08-22T19:30Z,100920.7639
1787428800000,2026-08-22T20:00Z,100920.7639
1787430600000,2026-08-22T20:30Z,100920.7639
1787432400000,2026-08-22T21:00Z,100920.7639
1787434200000,2026-08-22T21:30Z,100920.7639
1787436000000,2026-08-22T22:00Z,100920.7639
1787437800000,2026-08-22T22:30Z,100920.7639
1787439600000,2026-08-22T23:00Z,100920.7639
1787441400000,2026-08-22T23:30Z,100920.7639
1787443200000,2026-08-23T00:00Z,100920.7639
1787445000000,2026-08-23T00:30Z,100920.7639
1787446800000,2026-08-23T01:00Z,100920.7639
1787448600000,2026-08-23T01:30Z,100920.7639
1787450400000,2026-08-23T02:00Z,100920.7639
1787452200000,2026-08-23T02:30Z,100920.7639
1787454000000,2026-08-23T03:00Z,100920.7639
1787455800000,2026-08-23T03:30Z,100920.7639
1787457600000,2026-08-23T04:00Z,100920.7639
1787459400000,2026-08-23T04:30Z,100920.7639
1787461200000,2026-08-23T05:00Z,100920.7639
1787463000000,2026-08-23T05:30Z,100920.7639
1787464800000,2026-08-23T06:00Z,100920.7639
1787466600000,2026-08-23T06:30Z,100920.7639
1787468400000,2026-08-23T07:00Z,100920.7639
1787470200000,2026-08-23T07:30Z,100920.7639
1787472000000,2026-08-23T08:00Z,100920.7639
1787473800000,2026-08-23T08:30Z,100920.7639
1787475600000,2026-08-23T09:00Z,100920.7639
1787477400000,2026-08-23T09:30Z,100920.7639
1787479200000,2026-08-23T10:00Z,100920.7639
1787481000000,2026-08-23T10:30Z,100920.7639
1787482800000,2026-08-23T11:00Z,100920.7639
1787484600000,2026-08-23T11:30Z,100920.7639
1787486400000,2026-08-23T12:00Z,100920.7639
1787488200000,2026-08-23T12:30Z,100920.7639
1787490000000,2026-08-23T13:00Z,100920.7639
1787491800000,2026-08-23T13:30Z,100920.7639
1787493600000,2026-08-23T14:00Z,100920.7639
1787495400000,2026-08-23T14:30Z,100920.7639
1787497200000,2026-08-23T15:00Z,100920.7639
1787499000000,2026-08-23T15:30Z,100920.7639
1787500800000,2026-08-23T16:00Z,100920.7639
1787502600000,2026-08-23T16:30Z,100920.7639
1787504400000,2026-08-23T17:00Z,100920.7639
1787506200000,2026-08-23T17:30Z,100920.7639
1787508000000,2026-08-23T18:00Z,100920.7639
1787509800000,2026-08-23T18:30Z,100920.7639
1787511600000,2026-08-23T19:00Z,100920.7639
1787513400000,2026-08-23T19:30Z,100920.7639
1787515200000,2026-08-23T20:00Z,100920.7639
1787517000000,2026-08-23T20:30Z,100920.7639
1787518800000,2026-08-23T21:00Z,100920.7639
1787520600000,2026-08-23T21:30Z,100920.7639
1787522400000,2026-08-23T22:00Z,100920.7639
1787524200000,2026-08-23T22:30Z,100920.7639
1787526000000,2026-08-23T23:00Z,100920.7639
1787527800000,2026-08-23T23:30Z,100920.7639
1787529600000,2026-08-24T00:00Z,100920.7639
1787531400000,2026-08-24T00:30Z,100920.7639
1787533200000,2026-08-24T01:00Z,100920.7639
1787535000000,2026-08-24T01:30Z,100920.7639
1787536800000,2026-08-24T02:00Z,100920.7639
1787538600000,2026-08-24T02:30Z,100920.7639
1787540400000,2026-08-24T03:00Z,100920.7639
1787542200000,2026-08-24T03:30Z,100920.7639
1787544000000,2026-08-24T04:00Z,100920.7639
1787545800000,2026-08-24T04:30Z,100920.7639
1787547600000,2026-08-24T05:00Z,100920.7639
1787549400000,2026-08-24T05:30Z,100920.7639
1787551200000,2026-08-24T06:00Z,100920.7639
1787553000000,2026-08-24T06:30Z,100920.7639
1787554800000,2026-08-24T07:00Z,100920.7639
1787556600000,2026-08-24T07:30Z,100920.7639
1787558400000,2026-08-24T08:00Z,100920.7639
1787560200000,2026-08-24T08:30Z,100920.7639
1787562000000,2026-08-24T09:00Z,100920.7639
1787563800000,2026-08-24T09:30Z,100920.7639
1787565600000,2026-08-24T10:00Z,100920.7639
1787567400000,2026-08-24T10:30Z,100920.7639
1787569200000,2026-08-24T11:00Z,100920.7639
1787571000000,2026-08-24T11:30Z,100920.7639
1787572800000,2026-08-24T12:00Z,100920.7639
1787574600000,2026-08-24T12:30Z,100920.7639
1787576400000,2026-08-24T13:00Z,100920.7639
1787578200000,2026-08-24T13:30Z,100865.8755
1787580000000,2026-08-24T14:00Z,100785.3210
1787581800000,2026-08-24T14:30Z,100924.0773
1787583600000,2026-08-24T15:00Z,100919.8597
1787585400000,2026-08-24T15:30Z,100975.1695
1787587200000,2026-08-24T16:00Z,100750.1348
1787589000000,2026-08-24T16:30Z,100819.3623
1787590800000,2026-08-24T17:00Z,100692.5356
1787592600000,2026-08-24T17:30Z,100577.1100
1787594400000,2026-08-24T18:00Z,100577.1100
1787596200000,2026-08-24T18:30Z,100577.1100
1787598000000,2026-08-24T19:00Z,100577.1100
1787599800000,2026-08-24T19:30Z,100577.1100
1787601600000,2026-08-24T20:00Z,100577.1100
1787603400000,2026-08-24T20:30Z,100577.1100
1787605200000,2026-08-24T21:00Z,100577.1100
1787607000000,2026-08-24T21:30Z,100577.1100
1787608800000,2026-08-24T22:00Z,100577.1100
1787610600000,2026-08-24T22:30Z,100577.1100
1787612400000,2026-08-24T23:00Z,100577.1100
1787614200000,2026-08-24T23:30Z,100577.1100
1787616000000,2026-08-25T00:00Z,100577.1100
1787617800000,2026-08-25T00:30Z,100577.1100
1787619600000,2026-08-25T01:00Z,100577.1100
1787621400000,2026-08-25T01:30Z,100577.1100
1787623200000,2026-08-25T02:00Z,100577.1100
1787625000000,2026-08-25T02:30Z,100577.1100
1787626800000,2026-08-25T03:00Z,100577.1100
1787628600000,2026-08-25T03:30Z,100577.1100
1787630400000,2026-08-25T04:00Z,100577.1100
1787632200000,2026-08-25T04:30Z,100577.1100
1787634000000,2026-08-25T05:00Z,100577.1100
1787635800000,2026-08-25T05:30Z,100577.1100
1787637600000,2026-08-25T06:00Z,100577.1100
1787639400000,2026-08-25T06:30Z,100577.1100
1787641200000,2026-08-25T07:00Z,100577.1100
1787643000000,2026-08-25T07:30Z,100577.1100
1787644800000,2026-08-25T08:00Z,100577.1100
1787646600000,2026-08-25T08:30Z,100577.1100
1787648400000,2026-08-25T09:00Z,100577.1100
1787650200000,2026-08-25T09:30Z,100577.1100
1787652000000,2026-08-25T10:00Z,100577.1100
1787653800000,2026-08-25T10:30Z,100577.1100
1787655600000,2026-08-25T11:00Z,100577.1100
1787657400000,2026-08-25T11:30Z,100577.1100
1787659200000,2026-08-25T12:00Z,100577.1100
1787661000000,2026-08-25T12:30Z,100577.1100
1787662800000,2026-08-25T13:00Z,100577.1100
1787664600000,2026-08-25T13:30Z,100577.1100
1787666400000,2026-08-25T14:00Z,100577.1100
1787668200000,2026-08-25T14:30Z,100577.1100
1787670000000,2026-08-25T15:00Z,100577.1100
1787671800000,2026-08-25T15:30Z,100577.1100
1787673600000,2026-08-25T16:00Z,100577.1100
1787675400000,2026-08-25T16:30Z,100577.1100
1787677200000,2026-08-25T17:00Z,100577.1100
1787679000000,2026-08-25T17:30Z,100577.1100
1787680800000,2026-08-25T18:00Z,100577.1100
1787682600000,2026-08-25T18:30Z,100577.1100
1787684400000,2026-08-25T19:00Z,100577.1100
1787686200000,2026-08-25T19:30Z,100577.1100
1787688000000,2026-08-25T20:00Z,100577.1100
1787689800000,2026-08-25T20:30Z,100577.1100
1787691600000,2026-08-25T21:00Z,100577.1100
1787693400000,2026-08-25T21:30Z,100577.1100
1787695200000,2026-08-25T22:00Z,100577.1100
1787697000000,2026-08-25T22:30Z,100577.1100
1787698800000,2026-08-25T23:00Z,100577.1100
1787700600000,2026-08-25T23:30Z,100577.1100
1787702400000,2026-08-26T00:00Z,100577.1100
1787704200000,2026-08-26T00:30Z,100577.1100
1787706000000,2026-08-26T01:00Z,100577.1100
1787707800000,2026-08-26T01:30Z,100577.1100
1787709600000,2026-08-26T02:00Z,100577.1100
1787711400000,2026-08-26T02:30Z,100577.1100
1787713200000,2026-08-26T03:00Z,100577.1100
1787715000000,2026-08-26T03:30Z,100577.1100
1787716800000,2026-08-26T04:00Z,100577.1100
1787718600000,2026-08-26T04:30Z,100577.1100
1787720400000,2026-08-26T05:00Z,100577.1100
1787722200000,2026-08-26T05:30Z,100577.1100
1787724000000,2026-08-26T06:00Z,100577.1100
1787725800000,2026-08-26T06:30Z,100577.1100
1787727600000,2026-08-26T07:00Z,100577.1100
1787729400000,2026-08-26T07:30Z,100577.1100
1787731200000,2026-08-26T08:00Z,100577.1100
1787733000000,2026-08-26T08:30Z,100577.1100
1787734800000,2026-08-26T09:00Z,100577.1100
1787736600000,2026-08-26T09:30Z,100577.1100
1787738400000,2026-08-26T10:00Z,100577.1100
1787740200000,2026-08-26T10:30Z,100577.1100
1787742000000,2026-08-26T11:00Z,100577.1100
1787743800000,2026-08-26T11:30Z,100577.1100
1787745600000,2026-08-26T12:00Z,100577.1100
1787747400000,2026-08-26T12:30Z,100577.1100
1787749200000,2026-08-26T13:00Z,100577.1100
1787751000000,2026-08-26T13:30Z,100577.1100
1787752800000,2026-08-26T14:00Z,100577.1100
1787754600000,2026-08-26T14:30Z,100577.1100
1787756400000,2026-08-26T15:00Z,100577.1100
1787758200000,2026-08-26T15:30Z,100577.1100
1787760000000,2026-08-26T16:00Z,100577.1100
1787761800000,2026-08-26T16:30Z,100577.1100
1787763600000,2026-08-26T17:00Z,100577.1100
1787765400000,2026-08-26T17:30Z,100577.1100
1787767200000,2026-08-26T18:00Z,100577.1100
1787769000000,2026-08-26T18:30Z,100577.1100
1787770800000,2026-08-26T19:00Z,100577.1100
1787772600000,2026-08-26T19:30Z,100577.1100
1787774400000,2026-08-26T20:00Z,100577.1100
1787776200000,2026-08-26T20:30Z,100577.1100
1787778000000,2026-08-26T21:00Z,100577.1100
1787779800000,2026-08-26T21:30Z,100577.1100
1787781600000,2026-08-26T22:00Z,100577.1100
1787783400000,2026-08-26T22:30Z,100577.1100
1787785200000,2026-08-26T23:00Z,100577.1100
1787787000000,2026-08-26T23:30Z,100577.1100
1787788800000,2026-08-27T00:00Z,100577.1100
1787790600000,2026-08-27T00:30Z,100577.1100
1787792400000,2026-08-27T01:00Z,100577.1100
1787794200000,2026-08-27T01:30Z,100577.1100
1787796000000,2026-08-27T02:00Z,100577.1100
1787797800000,2026-08-27T02:30Z,100577.1100
1787799600000,2026-08-27T03:00Z,100577.1100
1787801400000,2026-08-27T03:30Z,100577.1100
1787803200000,2026-08-27T04:00Z,100577.1100
1787805000000,2026-08-27T04:30Z,100577.1100
1787806800000,2026-08-27T05:00Z,100577.1100
1787808600000,2026-08-27T05:30Z,100577.1100
1787810400000,2026-08-27T06:00Z,100577.1100
1787812200000,2026-08-27T06:30Z,100577.1100
1787814000000,2026-08-27T07:00Z,100577.1100
1787815800000,2026-08-27T07:30Z,100577.1100
1787817600000,2026-08-27T08:00Z,100577.1100
1787819400000,2026-08-27T08:30Z,100577.1100
1787821200000,2026-08-27T09:00Z,100577.1100
1787823000000,2026-08-27T09:30Z,100577.1100
1787824800000,2026-08-27T10:00Z,100459.2850
1787826600000,2026-08-27T10:30Z,100377.2877
1787828400000,2026-08-27T11:00Z,100377.2877
1787830200000,2026-08-27T11:30Z,100377.2877
1787832000000,2026-08-27T12:00Z,100377.2877
1787833800000,2026-08-27T12:30Z,100377.2877
1787835600000,2026-08-27T13:00Z,100377.2877
1787837400000,2026-08-27T13:30Z,100377.2877
1787839200000,2026-08-27T14:00Z,100377.2877
1787841000000,2026-08-27T14:30Z,100377.2877
1787842800000,2026-08-27T15:00Z,100377.2877
1787844600000,2026-08-27T15:30Z,100377.2877
1787846400000,2026-08-27T16:00Z,100377.2877
1787848200000,2026-08-27T16:30Z,100377.2877
1787850000000,2026-08-27T17:00Z,100377.2877
1787851800000,2026-08-27T17:30Z,100377.2877
1787853600000,2026-08-27T18:00Z,100377.2877
1787855400000,2026-08-27T18:30Z,100377.2877
1787857200000,2026-08-27T19:00Z,100377.2877
1787859000000,2026-08-27T19:30Z,100377.2877
1787860800000,2026-08-27T20:00Z,100377.2877
1787862600000,2026-08-27T20:30Z,100377.2877
1787864400000,2026-08-27T21:00Z,100377.2877
1787866200000,2026-08-27T21:30Z,100377.2877
1787868000000,2026-08-27T22:00Z,100377.2877
1787869800000,2026-08-27T22:30Z,100377.2877
1787871600000,2026-08-27T23:00Z,100377.2877
1787873400000,2026-08-27T23:30Z,100377.2877
1787875200000,2026-08-28T00:00Z,100377.2877
1787877000000,2026-08-28T00:30Z,100377.2877
1787878800000,2026-08-28T01:00Z,100377.2877
1787880600000,2026-08-28T01:30Z,100377.2877
1787882400000,2026-08-28T02:00Z,100377.2877
1787884200000,2026-08-28T02:30Z,100377.2877
1787886000000,2026-08-28T03:00Z,100377.2877
1787887800000,2026-08-28T03:30Z,100377.2877
1787889600000,2026-08-28T04:00Z,100377.2877
1787891400000,2026-08-28T04:30Z,100377.2877
1787893200000,2026-08-28T05:00Z,100377.2877
1787895000000,2026-08-28T05:30Z,100377.2877
1787896800000,2026-08-28T06:00Z,100377.2877
1787898600000,2026-08-28T06:30Z,100377.2877
1787900400000,2026-08-28T07:00Z,100377.2877
1787902200000,2026-08-28T07:30Z,100377.2877
1787904000000,2026-08-28T08:00Z,100377.2877
1787905800000,2026-08-28T08:30Z,100377.2877
1787907600000,2026-08-28T09:00Z,100377.2877
1787909400000,2026-08-28T09:30Z,100377.2877
1787911200000,2026-08-28T10:00Z,100377.2877
1787913000000,2026-08-28T10:30Z,100352.9553
1787914800000,2026-08-28T11:00Z,100227.4064
1787916600000,2026-08-28T11:30Z,100225.6627
1787918400000,2026-08-28T12:00Z,100246.5875
1787920200000,2026-08-28T12:30Z,100270.9998
1787922000000,2026-08-28T13:00Z,100270.9998
1787923800000,2026-08-28T13:30Z,100305.8745
1787925600000,2026-08-28T14:00Z,100272.7435
1787927400000,2026-08-28T14:30Z,100307.6182
1787929200000,2026-08-28T15:00Z,100067.0866
1787931000000,2026-08-28T15:30Z,100067.0866
1787932800000,2026-08-28T16:00Z,100067.0866
1787934600000,2026-08-28T16:30Z,100067.0866
1787936400000,2026-08-28T17:00Z,100067.0866
1787938200000,2026-08-28T17:30Z,100067.0866
1787940000000,2026-08-28T18:00Z,100067.0866
1787941800000,2026-08-28T18:30Z,100067.0866
1787943600000,2026-08-28T19:00Z,100067.0866
1787945400000,2026-08-28T19:30Z,100067.0866
1787947200000,2026-08-28T20:00Z,100067.0866
1787949000000,2026-08-28T20:30Z,100067.0866
1787950800000,2026-08-28T21:00Z,100067.0866
1787952600000,2026-08-28T21:30Z,100067.0866
1787954400000,2026-08-28T22:00Z,100067.0866
1787956200000,2026-08-28T22:30Z,100067.0866
1787958000000,2026-08-28T23:00Z,100067.0866
1787959800000,2026-08-28T23:30Z,100067.0866
1787961600000,2026-08-29T00:00Z,100067.0866
1787963400000,2026-08-29T00:30Z,100067.0866
1787965200000,2026-08-29T01:00Z,100067.0866
1787967000000,2026-08-29T01:30Z,100067.0866
1787968800000,2026-08-29T02:00Z,100067.0866
1787970600000,2026-08-29T02:30Z,100067.0866
1787972400000,2026-08-29T03:00Z,100067.0866
1787974200000,2026-08-29T03:30Z,100067.0866
1787976000000,2026-08-29T04:00Z,100067.0866
1787977800000,2026-08-29T04:30Z,100067.0866
1787979600000,2026-08-29T05:00Z,100067.0866
1787981400000,2026-08-29T05:30Z,100067.0866
1787983200000,2026-08-29T06:00Z,100067.0866
1787985000000,2026-08-29T06:30Z,100067.0866
1787986800000,2026-08-29T07:00Z,100067.0866
1787988600000,2026-08-29T07:30Z,100067.0866
1787990400000,2026-08-29T08:00Z,100067.0866
1787992200000,2026-08-29T08:30Z,100067.0866
1787994000000,2026-08-29T09:00Z,100067.0866
1787995800000,2026-08-29T09:30Z,100067.0866
1787997600000,2026-08-29T10:00Z,100067.0866
1787999400000,2026-08-29T10:30Z,100067.0866
1788001200000,2026-08-29T11:00Z,100067.0866
1788003000000,2026-08-29T11:30Z,100067.0866
1788004800000,2026-08-29T12:00Z,100067.0866
1788006600000,2026-08-29T12:30Z,100067.0866
1788008400000,2026-08-29T13:00Z,100067.0866
1788010200000,2026-08-29T13:30Z,100067.0866
1788012000000,2026-08-29T14:00Z,100067.0866
1788013800000,2026-08-29T14:30Z,100067.0866
1788015600000,2026-08-29T15:00Z,100067.0866
1788017400000,2026-08-29T15:30Z,100067.0866
1788019200000,2026-08-29T16:00Z,100067.0866
1788021000000,2026-08-29T16:30Z,100067.0866
1788022800000,2026-08-29T17:00Z,100067.0866
1788024600000,2026-08-29T17:30Z,100067.0866
1788026400000,2026-08-29T18:00Z,100067.0866
1788028200000,2026-08-29T18:30Z,100067.0866
1788030000000,2026-08-29T19:00Z,100067.0866
1788031800000,2026-08-29T19:30Z,100067.0866
1788033600000,2026-08-29T20:00Z,100067.0866
1788035400000,2026-08-29T20:30Z,100067.0866
1788037200000,2026-08-29T21:00Z,100067.0866
1788039000000,2026-08-29T21:30Z,100067.0866
1788040800000,2026-08-29T22:00Z,100067.0866
1788042600000,2026-08-29T22:30Z,100067.0866
1788044400000,2026-08-29T23:00Z,100067.0866
1788046200000,2026-08-29T23:30Z,100067.0866
1788048000000,2026-08-30T00:00Z,100067.0866
1788049800000,2026-08-30T00:30Z,100067.0866
1788051600000,2026-08-30T01:00Z,100067.0866
1788053400000,2026-08-30T01:30Z,100067.0866
1788055200000,2026-08-30T02:00Z,100067.0866
1788057000000,2026-08-30T02:30Z,100067.0866
1788058800000,2026-08-30T03:00Z,100067.0866
1788060600000,2026-08-30T03:30Z,100067.0866
1788062400000,2026-08-30T04:00Z,100067.0866
1788064200000,2026-08-30T04:30Z,100067.0866
1788066000000,2026-08-30T05:00Z,100067.0866
1788067800000,2026-08-30T05:30Z,100067.0866
1788069600000,2026-08-30T06:00Z,100067.0866
1788071400000,2026-08-30T06:30Z,100067.0866
1788073200000,2026-08-30T07:00Z,100067.0866
1788075000000,2026-08-30T07:30Z,100067.0866
1788076800000,2026-08-30T08:00Z,100067.0866
1788078600000,2026-08-30T08:30Z,100067.0866
1788080400000,2026-08-30T09:00Z,100067.0866
1788082200000,2026-08-30T09:30Z,100067.0866
1788084000000,2026-08-30T10:00Z,100067.0866
1788085800000,2026-08-30T10:30Z,100067.0866
1788087600000,2026-08-30T11:00Z,100067.0866
1788089400000,2026-08-30T11:30Z,100067.0866
1788091200000,2026-08-30T12:00Z,100067.0866
1788093000000,2026-08-30T12:30Z,100067.0866
1788094800000,2026-08-30T13:00Z,100083.9366
1788096600000,2026-08-30T13:30Z,100047.8707
1788098400000,2026-08-30T14:00Z,100069.6328
1788100200000,2026-08-30T14:30Z,100092.4989
1788102000000,2026-08-30T15:00Z,100121.7263
1788103800000,2026-08-30T15:30Z,100135.3596
1788105600000,2026-08-30T16:00Z,100168.7057
1788107400000,2026-08-30T16:30Z,100219.7396
1788109200000,2026-08-30T17:00Z,100281.8495
1788111000000,2026-08-30T17:30Z,99930.4691
1788112800000,2026-08-30T18:00Z,99963.9614
1788114600000,2026-08-30T18:30Z,99952.7012
1788116400000,2026-08-30T19:00Z,99973.0046
1788118200000,2026-08-30T19:30Z,99895.7273
1788120000000,2026-08-30T20:00Z,99868.9890
1788121800000,2026-08-30T20:30Z,99838.9889
1788123600000,2026-08-30T21:00Z,99647.9847
1788125400000,2026-08-30T21:30Z,99586.8597
1788127200000,2026-08-30T22:00Z,99586.8597
1788129000000,2026-08-30T22:30Z,99586.8597
1788130800000,2026-08-30T23:00Z,99586.8597
1788132600000,2026-08-30T23:30Z,99586.8597
1788134400000,2026-08-31T00:00Z,99586.8597
1788136200000,2026-08-31T00:30Z,99586.8597
1788138000000,2026-08-31T01:00Z,99586.8597
1788139800000,2026-08-31T01:30Z,99586.8597
1788141600000,2026-08-31T02:00Z,99586.8597
1788143400000,2026-08-31T02:30Z,99586.8597
1788145200000,2026-08-31T03:00Z,99586.8597
1788147000000,2026-08-31T03:30Z,99586.8597
1788148800000,2026-08-31T04:00Z,99586.8597
1788150600000,2026-08-31T04:30Z,99586.8597
1788152400000,2026-08-31T05:00Z,99586.8597
1788154200000,2026-08-31T05:30Z,99586.8597
1788156000000,2026-08-31T06:00Z,99586.8597
1788157800000,2026-08-31T06:30Z,99586.8597
1788159600000,2026-08-31T07:00Z,99586.8597
1788161400000,2026-08-31T07:30Z,99586.8597
1788163200000,2026-08-31T08:00Z,99586.8597
1788165000000,2026-08-31T08:30Z,99586.8597
1788166800000,2026-08-31T09:00Z,99586.8597
1788168600000,2026-08-31T09:30Z,99586.8597
1788170400000,2026-08-31T10:00Z,99586.8597
1788172200000,2026-08-31T10:30Z,99586.8597
1788174000000,2026-08-31T11:00Z,99586.8597
1788175800000,2026-08-31T11:30Z,99586.8597
1788177600000,2026-08-31T12:00Z,99586.8597
1788179400000,2026-08-31T12:30Z,99586.8597
1788181200000,2026-08-31T13:00Z,99586.8597
1788183000000,2026-08-31T13:30Z,99586.8597
1788184800000,2026-08-31T14:00Z,99586.8597
1788186600000,2026-08-31T14:30Z,99586.8597
1788188400000,2026-08-31T15:00Z,99586.8597
1788190200000,2026-08-31T15:30Z,99586.8597
1788192000000,2026-08-31T16:00Z,99586.8597
1788193800000,2026-08-31T16:30Z,99586.8597
1788195600000,2026-08-31T17:00Z,99586.8597
1788197400000,2026-08-31T17:30Z,99586.8597
1788199200000,2026-08-31T18:00Z,99586.8597
1788201000000,2026-08-31T18:30Z,99586.8597
1788202800000,2026-08-31T19:00Z,99586.8597
1788204600000,2026-08-31T19:30Z,99586.8597
1788206400000,2026-08-31T20:00Z,99586.8597
1788208200000,2026-08-31T20:30Z,99586.8597
1788210000000,2026-08-31T21:00Z,99586.8597
1788211800000,2026-08-31T21:30Z,99586.8597
1788213600000,2026-08-31T22:00Z,99586.8597
1788215400000,2026-08-31T22:30Z,99586.8597
1788217200000,2026-08-31T23:00Z,99586.8597
1788219000000,2026-08-31T23:30Z,99586.8597
1788220800000,2026-09-01T00:00Z,99586.8597
1788222600000,2026-09-01T00:30Z,99586.8597
1788224400000,2026-09-01T01:00Z,99586.8597
1788226200000,2026-09-01T01:30Z,99586.8597
1788228000000,2026-09-01T02:00Z,99586.8597
1788229800000,2026-09-01T02:30Z,99586.8597
1788231600000,2026-09-01T03:00Z,99586.8597
1788233400000,2026-09-01T03:30Z,99586.8597
1788235200000,2026-09-01T04:00Z,99586.8597
1788237000000,2026-09-01T04:30Z,99586.8597
1788238800000,2026-09-01T05:00Z,99586.8597
1788240600000,2026-09-01T05:30Z,99586.8597
1788242400000,2026-09-01T06:00Z,99586.8597
1788244200000,2026-09-01T06:30Z,99586.8597
1788246000000,2026-09-01T07:00Z,99586.8597
1788247800000,2026-09-01T07:30Z,99586.8597
1788249600000,2026-09-01T08:00Z,99586.8597
1788251400000,2026-09-01T08:30Z,99586.8597
1788253200000,2026-09-01T09:00Z,99586.8597
1788255000000,2026-09-01T09:30Z,99586.8597
1788256800000,2026-09-01T10:00Z,99586.8597
1788258600000,2026-09-01T10:30Z,99586.8597
1788260400000,2026-09-01T11:00Z,99586.8597
1788262200000,2026-09-01T11:30Z,99586.8597
1788264000000,2026-09-01T12:00Z,99586.8597
1788265800000,2026-09-01T12:30Z,99586.8597
1788267600000,2026-09-01T13:00Z,99586.8597
1788269400000,2026-09-01T13:30Z,99586.8597
1788271200000,2026-09-01T14:00Z,99586.8597
1788273000000,2026-09-01T14:30Z,99586.8597
1788274800000,2026-09-01T15:00Z,99586.8597
1788276600000,2026-09-01T15:30Z,99586.8597
1788278400000,2026-09-01T16:00Z,99586.8597
1788280200000,2026-09-01T16:30Z,99586.8597
1788282000000,2026-09-01T17:00Z,99586.8597
1788283800000,2026-09-01T17:30Z,99586.8597
1788285600000,2026-09-01T18:00Z,99586.8597
1788287400000,2026-09-01T18:30Z,99585.3389
1788289200000,2026-09-01T19:00Z,99530.7810
1788291000000,2026-09-01T19:30Z,99362.0660
1788292800000,2026-09-01T20:00Z,99438.5464
1788294600000,2026-09-01T20:30Z,99422.0067
1788296400000,2026-09-01T21:00Z,99393.1430
1788298200000,2026-09-01T21:30Z,99532.6507
1788300000000,2026-09-01T22:00Z,99527.4946
1788301800000,2026-09-01T22:30Z,99630.9645
1788303600000,2026-09-01T23:00Z,99539.3863
1788305400000,2026-09-01T23:30Z,99488.9453
1788307200000,2026-09-02T00:00Z,99425.2303
1788309000000,2026-09-02T00:30Z,99431.5528
1788309000000,2026-09-02T00:30Z,99431.5528
